#AlleleID,Type,Name,GeneID,GeneSymbol,HGNC_ID,ClinicalSignificance,ClinSigSimple,LastEvaluated,RS# (dbSNP),nsv/esv (dbVar),RCVaccession,PhenotypeIDS,PhenotypeList,Origin,OriginSimple,Assembly,ChromosomeAccession,Chromosome,Start,Stop,ReferenceAllele,AlternateAllele,Cytogenetic,ReviewStatus,NumberSubmitters,Guidelines,TestedInGTR,OtherIDs,SubmitterCategories,VariationID,PositionVCF,ReferenceAlleleVCF,AlternateAlleleVCF
15041,Indel,NM_014855.3(AP5Z1):c.80_83delinsTGCTGTAAACTGTAACTGTAAA (p.Arg27_Ile28delinsLeuLeuTer),9907,AP5Z1,HGNC:22197,Pathogenic,1,-,397704705,-,RCV000000012,"MONDO:MONDO:0013342,MedGen:C3150901,OMIM:613647,Orphanet:306511",Hereditary spastic paraplegia 48,germline;unknown,germline,GRCh37,NC_000007.13,7,4820844,4820847,na,na,7p22.1,"criteria provided, single submitter",2,-,N,"ClinGen:CA215070,OMIM:613653.0001",3,2,4820844,GGAT,TGCTGTAAACTGTAACTGTAAA
15041,Indel,NM_014855.3(AP5Z1):c.80_83delinsTGCTGTAAACTGTAACTGTAAA (p.Arg27_Ile28delinsLeuLeuTer),9907,AP5Z1,HGNC:22197,Pathogenic,1,-,397704705,-,RCV000000012,"MONDO:MONDO:0013342,MedGen:C3150901,OMIM:613647,Orphanet:306511",Hereditary spastic paraplegia 48,germline;unknown,germline,GRCh38,NC_000007.14,7,4781213,4781216,na,na,7p22.1,"criteria provided, single submitter",2,-,N,"ClinGen:CA215070,OMIM:613653.0001",3,2,4781213,GGAT,TGCTGTAAACTGTAACTGTAAA
15042,Deletion,NM_014855.3(AP5Z1):c.1413_1426del (p.Leu473fs),9907,AP5Z1,HGNC:22197,Pathogenic,1,"Jun 29, 2010",397704709,-,RCV000000013,"MONDO:MONDO:0013342,MedGen:C3150901,OMIM:613647,Orphanet:306511",Hereditary spastic paraplegia 48,germline,germline,GRCh37,NC_000007.13,7,4827361,4827374,na,na,7p22.1,no assertion criteria provided,1,-,N,"ClinGen:CA215072,OMIM:613653.0002",1,3,4827360,GCTGCTGGACCTGCC,G
15042,Deletion,NM_014855.3(AP5Z1):c.1413_1426del (p.Leu473fs),9907,AP5Z1,HGNC:22197,Pathogenic,1,"Jun 29, 2010",397704709,-,RCV000000013,"MONDO:MONDO:0013342,MedGen:C3150901,OMIM:613647,Orphanet:306511",Hereditary spastic paraplegia 48,germline,germline,GRCh38,NC_000007.14,7,4787730,4787743,na,na,7p22.1,no assertion criteria provided,1,-,N,"ClinGen:CA215072,OMIM:613653.0002",1,3,4787729,GCTGCTGGACCTGCC,G
15043,single nucleotide variant,NM_014630.3(ZNF592):c.3136G>A (p.Gly1046Arg),9640,ZNF592,HGNC:28986,Uncertain significance,0,"Jun 29, 2015",150829393,-,RCV000000014,"MONDO:MONDO:0033005,MedGen:C4551772,OMIM:251300,Orphanet:2065,Orphanet:83472",Galloway-Mowat syndrome 1,germline,germline,GRCh37,NC_000015.9,15,85342440,85342440,na,na,15q25.3,no assertion criteria provided,1,-,N,"OMIM:613624.0001,ClinGen:CA210674,UniProtKB:Q92610#VAR_064583",1,4,85342440,G,A
15043,single nucleotide variant,NM_014630.3(ZNF592):c.3136G>A (p.Gly1046Arg),9640,ZNF592,HGNC:28986,Uncertain significance,0,"Jun 29, 2015",150829393,-,RCV000000014,"MONDO:MONDO:0033005,MedGen:C4551772,OMIM:251300,Orphanet:2065,Orphanet:83472",Galloway-Mowat syndrome 1,germline,germline,GRCh38,NC_000015.10,15,84799209,84799209,na,na,15q25.3,no assertion criteria provided,1,-,N,"OMIM:613624.0001,ClinGen:CA210674,UniProtKB:Q92610#VAR_064583",1,4,84799209,G,A
15044,single nucleotide variant,NM_017547.4(FOXRED1):c.694C>T (p.Gln232Ter),55572,FOXRED1,HGNC:26927,Pathogenic,1,"Dec 30, 2019",267606829,-,RCV000000015|RCV000578659|RCV001194045,"MONDO:MONDO:0032624,MedGen:C4748791,OMIM:618241|MedGen:CN517202|MONDO:MONDO:0009723,MedGen:C0023264,OMIM:256000,Orphanet:506","Mitochondrial complex 1 deficiency, nuclear type 19|not provided|Leigh syndrome",germline,germline,GRCh37,NC_000011.9,11,126145284,126145284,na,na,11q24.2,"criteria provided, multiple submitters, no conflicts",3,-,N,"ClinGen:CA113792,OMIM:613622.0001",3,5,126145284,C,T
15044,single nucleotide variant,NM_017547.4(FOXRED1):c.694C>T (p.Gln232Ter),55572,FOXRED1,HGNC:26927,Pathogenic,1,"Dec 30, 2019",267606829,-,RCV000000015|RCV000578659|RCV001194045,"MONDO:MONDO:0032624,MedGen:C4748791,OMIM:618241|MedGen:CN517202|MONDO:MONDO:0009723,MedGen:C0023264,OMIM:256000,Orphanet:506","Mitochondrial complex 1 deficiency, nuclear type 19|not provided|Leigh syndrome",germline,germline,GRCh38,NC_000011.10,11,126275389,126275389,na,na,11q24.2,"criteria provided, multiple submitters, no conflicts",3,-,N,"ClinGen:CA113792,OMIM:613622.0001",3,5,126275389,C,T
15045,single nucleotide variant,NM_017547.4(FOXRED1):c.1289A>G (p.Asn430Ser),55572,FOXRED1,HGNC:26927,Pathogenic,1,"Oct 01, 2010",267606830,-,RCV000000016,"MONDO:MONDO:0032624,MedGen:C4748791,OMIM:618241","Mitochondrial complex 1 deficiency, nuclear type 19",germline,germline,GRCh37,NC_000011.9,11,126147412,126147412,na,na,11q24.2,no assertion criteria provided,1,-,N,"ClinGen:CA113794,UniProtKB:Q96CU9#VAR_064571,OMIM:613622.0002",1,6,126147412,A,G
15045,single nucleotide variant,NM_017547.4(FOXRED1):c.1289A>G (p.Asn430Ser),55572,FOXRED1,HGNC:26927,Pathogenic,1,"Oct 01, 2010",267606830,-,RCV000000016,"MONDO:MONDO:0032624,MedGen:C4748791,OMIM:618241","Mitochondrial complex 1 deficiency, nuclear type 19",germline,germline,GRCh38,NC_000011.10,11,126277517,126277517,na,na,11q24.2,no assertion criteria provided,1,-,N,"ClinGen:CA113794,UniProtKB:Q96CU9#VAR_064571,OMIM:613622.0002",1,6,126277517,A,G
15046,single nucleotide variant,NM_025152.3(NUBPL):c.166G>A (p.Gly56Arg),80224,NUBPL,HGNC:20278,Uncertain significance,0,"Aug 24, 2020",200401432,-,RCV000196589|RCV000622708|RCV001526454,"MedGen:CN517202|MeSH:D030342,MedGen:C0950123|MONDO:MONDO:0032625,MedGen:C4748792,OMIM:618242","not provided|Inborn genetic diseases|Mitochondrial complex 1 deficiency, nuclear type 21",germline;paternal,germline,GRCh37,NC_000014.8,14,32031331,32031331,na,na,14q12,"criteria provided, multiple submitters, no conflicts",3,-,N,"ClinVar:7,ClinGen:CA321015,UniProtKB:Q8TB37#VAR_064570,OMIM:613621.0001",2,214885,32031331,G,A
15046,single nucleotide variant,NM_025152.3(NUBPL):c.166G>A (p.Gly56Arg),80224,NUBPL,HGNC:20278,Uncertain significance,0,"Aug 24, 2020",200401432,-,RCV000196589|RCV000622708|RCV001526454,"MedGen:CN517202|MeSH:D030342,MedGen:C0950123|MONDO:MONDO:0032625,MedGen:C4748792,OMIM:618242","not provided|Inborn genetic diseases|Mitochondrial complex 1 deficiency, nuclear type 21",germline;paternal,germline,GRCh38,NC_000014.9,14,31562125,31562125,na,na,14q12,"criteria provided, multiple submitters, no conflicts",3,-,N,"ClinVar:7,ClinGen:CA321015,UniProtKB:Q8TB37#VAR_064570,OMIM:613621.0001",2,214885,31562125,G,A
15048,single nucleotide variant,NM_000410.4(HFE):c.845G>A (p.Cys282Tyr),3077,HFE,HGNC:4886,Conflicting interpretations of pathogenicity; other; risk factor,1,"Jun 30, 2022",1800562,-,RCV000000019|RCV000000020|RCV000000023|RCV000000025|RCV000000022|RCV000000024|RCV000000021|RCV000178096|RCV000210820|RCV000308358|RCV000414811|RCV000844709|RCV001248830|RCV001270034|RCV001262214|RCV001731264|RCV002280089,"MONDO:MONDO:0021001,MedGen:C3469186,OMIM:235200,Orphanet:139498,Orphanet:465508|||MONDO:MONDO:0012971,MedGen:C2673520,OMIM:612635|MedGen:C3150862|MedGen:C3280096,OMIM:614193||MedGen:CN517202|MONDO:MONDO:0015356,MeSH:D009386,MedGen:C0027672,Orphanet:140162|MONDO:MONDO:0006507,MedGen:C0392514,OMIM:PS235200|Human Phenotype Ontology:HP:0010473,MedGen:C0151861;Human Phenotype Ontology:HP:0000992,Human Phenotype Ontology:HP:0005594,Human Phenotype Ontology:HP:0006831,Human Phenotype Ontology:HP:0007538,MedGen:C0349506|MONDO:MONDO:0019257,MedGen:CN205842,Orphanet:79230|MedGen:C0018995|7 conditions|Human Phenotype Ontology:HP:0002511,Human Phenotype Ontology:HP:0006878,Human Phenotype Ontology:HP:0007213,MONDO:MONDO:0004975,MedGen:C0002395,Orphanet:1020,Orphanet:238616|Human Phenotype Ontology:HP:0001638,MONDO:MONDO:0004994,MedGen:C0878544,Orphanet:167848|","Hemochromatosis type 1|Porphyria cutanea tarda, susceptibility to|Alzheimer disease, susceptibility to|Microvascular complications of diabetes, susceptibility to, 7|Hemochromatosis, juvenile, digenic|Transferrin serum level quantitative trait locus 2|Porphyria variegata, susceptibility to|not provided|Hereditary cancer-predisposing syndrome|Hereditary hemochromatosis|Porphyrinuria;Cutaneous photosensitivity|Hemochromatosis type 2|Bronze diabetes|7 conditions|Alzheimer disease|Cardiomyopathy|HFE-related disorder",germline;unknown,germline,GRCh37,NC_000006.11,6,26093141,26093141,na,na,6p22.2,"criteria provided, conflicting interpretations",35,"ACMG2021,ACMG2022",Y,"UniProtKB:Q30201#VAR_004398,OMIM:613609.0001,ClinGen:CA113795",3,9,26093141,G,A
15048,single nucleotide variant,NM_000410.4(HFE):c.845G>A (p.Cys282Tyr),3077,HFE,HGNC:4886,Conflicting interpretations of pathogenicity; other; risk factor,1,"Jun 30, 2022",1800562,-,RCV000000019|RCV000000020|RCV000000023|RCV000000025|RCV000000022|RCV000000024|RCV000000021|RCV000178096|RCV000210820|RCV000308358|RCV000414811|RCV000844709|RCV001248830|RCV001270034|RCV001262214|RCV001731264|RCV002280089,"MONDO:MONDO:0021001,MedGen:C3469186,OMIM:235200,Orphanet:139498,Orphanet:465508|||MONDO:MONDO:0012971,MedGen:C2673520,OMIM:612635|MedGen:C3150862|MedGen:C3280096,OMIM:614193||MedGen:CN517202|MONDO:MONDO:0015356,MeSH:D009386,MedGen:C0027672,Orphanet:140162|MONDO:MONDO:0006507,MedGen:C0392514,OMIM:PS235200|Human Phenotype Ontology:HP:0010473,MedGen:C0151861;Human Phenotype Ontology:HP:0000992,Human Phenotype Ontology:HP:0005594,Human Phenotype Ontology:HP:0006831,Human Phenotype Ontology:HP:0007538,MedGen:C0349506|MONDO:MONDO:0019257,MedGen:CN205842,Orphanet:79230|MedGen:C0018995|7 conditions|Human Phenotype Ontology:HP:0002511,Human Phenotype Ontology:HP:0006878,Human Phenotype Ontology:HP:0007213,MONDO:MONDO:0004975,MedGen:C0002395,Orphanet:1020,Orphanet:238616|Human Phenotype Ontology:HP:0001638,MONDO:MONDO:0004994,MedGen:C0878544,Orphanet:167848|","Hemochromatosis type 1|Porphyria cutanea tarda, susceptibility to|Alzheimer disease, susceptibility to|Microvascular complications of diabetes, susceptibility to, 7|Hemochromatosis, juvenile, digenic|Transferrin serum level quantitative trait locus 2|Porphyria variegata, susceptibility to|not provided|Hereditary cancer-predisposing syndrome|Hereditary hemochromatosis|Porphyrinuria;Cutaneous photosensitivity|Hemochromatosis type 2|Bronze diabetes|7 conditions|Alzheimer disease|Cardiomyopathy|HFE-related disorder",germline;unknown,germline,GRCh38,NC_000006.12,6,26092913,26092913,na,na,6p22.2,"criteria provided, conflicting interpretations",35,"ACMG2021,ACMG2022",Y,"UniProtKB:Q30201#VAR_004398,OMIM:613609.0001,ClinGen:CA113795",3,9,26092913,G,A
15049,single nucleotide variant,NM_000410.4(HFE):c.187C>G (p.His63Asp),3077,HFE,HGNC:4886,Conflicting interpretations of pathogenicity; other,1,"May 01, 2022",1799945,-,RCV000000026|RCV000000027|RCV000175607|RCV000394716|RCV000763144|RCV000844708|RCV000991133|RCV001248831|RCV001731265|RCV002227011|RCV002251839|RCV002272003,"MONDO:MONDO:0021001,MedGen:C3469186,OMIM:235200,Orphanet:139498,Orphanet:465508|MONDO:MONDO:0012971,MedGen:C2673520,OMIM:612635|MedGen:CN517202|MONDO:MONDO:0006507,MedGen:C0392514,OMIM:PS235200|6 conditions|MedGen:CN169374|MONDO:MONDO:0009061,MedGen:C0010674,OMIM:219700,Orphanet:586|MedGen:C0018995|Human Phenotype Ontology:HP:0001638,MONDO:MONDO:0004994,MedGen:C0878544,Orphanet:167848|Human Phenotype Ontology:HP:0011031,MedGen:C4023583||MONDO:MONDO:0008297,MedGen:C0162532,OMIM:176200,Orphanet:79473","Hemochromatosis type 1|Microvascular complications of diabetes, susceptibility to, 7|not provided|Hereditary hemochromatosis|6 conditions|not specified|Cystic fibrosis|Bronze diabetes|Cardiomyopathy|Abnormality of iron homeostasis|See cases|Variegate porphyria",germline;unknown,germline,GRCh37,NC_000006.11,6,26091179,26091179,na,na,6p22.2,"criteria provided, conflicting interpretations",40,"ACMG2021,ACMG2022",Y,"ClinGen:CA113797,UniProtKB:Q30201#VAR_004396,OMIM:613609.0002",3,10,26091179,C,G
15049,single nucleotide variant,NM_000410.4(HFE):c.187C>G (p.His63Asp),3077,HFE,HGNC:4886,Conflicting interpretations of pathogenicity; other,1,"May 01, 2022",1799945,-,RCV000000026|RCV000000027|RCV000175607|RCV000394716|RCV000763144|RCV000844708|RCV000991133|RCV001248831|RCV001731265|RCV002227011|RCV002251839|RCV002272003,"MONDO:MONDO:0021001,MedGen:C3469186,OMIM:235200,Orphanet:139498,Orphanet:465508|MONDO:MONDO:0012971,MedGen:C2673520,OMIM:612635|MedGen:CN517202|MONDO:MONDO:0006507,MedGen:C0392514,OMIM:PS235200|6 conditions|MedGen:CN169374|MONDO:MONDO:0009061,MedGen:C0010674,OMIM:219700,Orphanet:586|MedGen:C0018995|Human Phenotype Ontology:HP:0001638,MONDO:MONDO:0004994,MedGen:C0878544,Orphanet:167848|Human Phenotype Ontology:HP:0011031,MedGen:C4023583||MONDO:MONDO:0008297,MedGen:C0162532,OMIM:176200,Orphanet:79473","Hemochromatosis type 1|Microvascular complications of diabetes, susceptibility to, 7|not provided|Hereditary hemochromatosis|6 conditions|not specified|Cystic fibrosis|Bronze diabetes|Cardiomyopathy|Abnormality of iron homeostasis|See cases|Variegate porphyria",germline;unknown,germline,GRCh38,NC_000006.12,6,26090951,26090951,na,na,6p22.2,"criteria provided, conflicting interpretations",40,"ACMG2021,ACMG2022",Y,"ClinGen:CA113797,UniProtKB:Q30201#VAR_004396,OMIM:613609.0002",3,10,26090951,C,G
15050,single nucleotide variant,NM_000410.4(HFE):c.193A>T (p.Ser65Cys),3077,HFE,HGNC:4886,Conflicting interpretations of pathogenicity,1,"Jul 01, 2022",1800730,-,RCV000000028|RCV000290779|RCV000764641|RCV000998547|RCV001328435,"MONDO:MONDO:0021001,MedGen:C3469186,OMIM:235200,Orphanet:139498,Orphanet:465508|MONDO:MONDO:0006507,MedGen:C0392514,OMIM:PS235200|6 conditions|MedGen:CN517202|MedGen:CN169374",Hemochromatosis type 1|Hereditary hemochromatosis|6 conditions|not provided|not specified,germline;unknown,germline,GRCh37,NC_000006.11,6,26091185,26091185,na,na,6p22.2,"criteria provided, conflicting interpretations",12,"ACMG2021,ACMG2022",Y,"UniProtKB:Q30201#VAR_004397,OMIM:613609.0003,ClinGen:CA339778",3,11,26091185,A,T
15050,single nucleotide variant,NM_000410.4(HFE):c.193A>T (p.Ser65Cys),3077,HFE,HGNC:4886,Conflicting interpretations of pathogenicity,1,"Jul 01, 2022",1800730,-,RCV000000028|RCV000290779|RCV000764641|RCV000998547|RCV001328435,"MONDO:MONDO:0021001,MedGen:C3469186,OMIM:235200,Orphanet:139498,Orphanet:465508|MONDO:MONDO:0006507,MedGen:C0392514,OMIM:PS235200|6 conditions|MedGen:CN517202|MedGen:CN169374",Hemochromatosis type 1|Hereditary hemochromatosis|6 conditions|not provided|not specified,germline;unknown,germline,GRCh38,NC_000006.12,6,26090957,26090957,na,na,6p22.2,"criteria provided, conflicting interpretations",12,"ACMG2021,ACMG2022",Y,"UniProtKB:Q30201#VAR_004397,OMIM:613609.0003,ClinGen:CA339778",3,11,26090957,A,T
15051,single nucleotide variant,NM_000410.4(HFE):c.314T>C (p.Ile105Thr),3077,HFE,HGNC:4886,Uncertain significance,1,"Oct 20, 2020",28934596,-,RCV000000029|RCV001322296,"MONDO:MONDO:0021001,MedGen:C3469186,OMIM:235200,Orphanet:139498,Orphanet:465508|MONDO:MONDO:0006507,MedGen:C0392514,OMIM:PS235200",Hemochromatosis type 1|Hereditary hemochromatosis,germline,germline,GRCh37,NC_000006.11,6,26091306,26091306,na,na,6p22.2,"criteria provided, single submitter",2,"ACMG2021,ACMG2022",N,"ClinGen:CA280941,UniProtKB:Q30201#VAR_008730,OMIM:613609.0009",3,12,26091306,T,C
15051,single nucleotide variant,NM_000410.4(HFE):c.314T>C (p.Ile105Thr),3077,HFE,HGNC:4886,Uncertain significance,1,"Oct 20, 2020",28934596,-,RCV000000029|RCV001322296,"MONDO:MONDO:0021001,MedGen:C3469186,OMIM:235200,Orphanet:139498,Orphanet:465508|MONDO:MONDO:0006507,MedGen:C0392514,OMIM:PS235200",Hemochromatosis type 1|Hereditary hemochromatosis,germline,germline,GRCh38,NC_000006.12,6,26091078,26091078,na,na,6p22.2,"criteria provided, single submitter",2,"ACMG2021,ACMG2022",N,"ClinGen:CA280941,UniProtKB:Q30201#VAR_008730,OMIM:613609.0009",3,12,26091078,T,C
15052,single nucleotide variant,NM_000410.4(HFE):c.277G>C (p.Gly93Arg),3077,HFE,HGNC:4886,Pathogenic,1,"Jun 01, 1999",28934597,-,RCV000000030,"MONDO:MONDO:0021001,MedGen:C3469186,OMIM:235200,Orphanet:139498,Orphanet:465508",Hemochromatosis type 1,germline,germline,GRCh37,NC_000006.11,6,26091269,26091269,na,na,6p22.2,no assertion criteria provided,1,"ACMG2021,ACMG2022",N,"ClinGen:CA280943,UniProtKB:Q30201#VAR_008729,OMIM:613609.0010",1,13,26091269,G,C
15052,single nucleotide variant,NM_000410.4(HFE):c.277G>C (p.Gly93Arg),3077,HFE,HGNC:4886,Pathogenic,1,"Jun 01, 1999",28934597,-,RCV000000030,"MONDO:MONDO:0021001,MedGen:C3469186,OMIM:235200,Orphanet:139498,Orphanet:465508",Hemochromatosis type 1,germline,germline,GRCh38,NC_000006.12,6,26091041,26091041,na,na,6p22.2,no assertion criteria provided,1,"ACMG2021,ACMG2022",N,"ClinGen:CA280943,UniProtKB:Q30201#VAR_008729,OMIM:613609.0010",1,13,26091041,G,C
15053,single nucleotide variant,NM_000410.4(HFE):c.892+48G>A,3077,HFE,HGNC:4886,Benign,0,"Sep 11, 2018",1800758,-,RCV000000031|RCV001618204,|MedGen:CN517202,HFE INTRONIC POLYMORPHISM|not provided,germline,germline,GRCh37,NC_000006.11,6,26093236,26093236,na,na,6p22.2,"criteria provided, single submitter",2,"ACMG2021,ACMG2022",N,"ClinGen:CA113800,OMIM:613609.0004",3,14,26093236,G,A
15053,single nucleotide variant,NM_000410.4(HFE):c.892+48G>A,3077,HFE,HGNC:4886,Benign,0,"Sep 11, 2018",1800758,-,RCV000000031|RCV001618204,|MedGen:CN517202,HFE INTRONIC POLYMORPHISM|not provided,germline,germline,GRCh38,NC_000006.12,6,26093008,26093008,na,na,6p22.2,"criteria provided, single submitter",2,"ACMG2021,ACMG2022",N,"ClinGen:CA113800,OMIM:613609.0004",3,14,26093008,G,A
15054,single nucleotide variant,NM_000410.4(HFE):c.157G>A (p.Val53Met),3077,HFE,HGNC:4886,Uncertain significance,0,"Jul 16, 2018",28934889,-,RCV000000032|RCV001336845,"|MONDO:MONDO:0021001,MedGen:C3469186,OMIM:235200,Orphanet:139498,Orphanet:465508",HFE POLYMORPHISM|Hemochromatosis type 1,germline;paternal,germline,GRCh37,NC_000006.11,6,26091149,26091149,na,na,6p22.2,"criteria provided, single submitter",2,"ACMG2021,ACMG2022",N,"ClinGen:CA113801,UniProtKB:Q30201#VAR_008111,OMIM:613609.0005",3,15,26091149,G,A
15054,single nucleotide variant,NM_000410.4(HFE):c.157G>A (p.Val53Met),3077,HFE,HGNC:4886,Uncertain significance,0,"Jul 16, 2018",28934889,-,RCV000000032|RCV001336845,"|MONDO:MONDO:0021001,MedGen:C3469186,OMIM:235200,Orphanet:139498,Orphanet:465508",HFE POLYMORPHISM|Hemochromatosis type 1,germline;paternal,germline,GRCh38,NC_000006.12,6,26090921,26090921,na,na,6p22.2,"criteria provided, single submitter",2,"ACMG2021,ACMG2022",N,"ClinGen:CA113801,UniProtKB:Q30201#VAR_008111,OMIM:613609.0005",3,15,26090921,G,A
15055,single nucleotide variant,NM_000410.4(HFE):c.175G>A (p.Val59Met),3077,HFE,HGNC:4886,Uncertain significance,0,"May 28, 2019",111033557,-,RCV000000033|RCV000987659,"|MONDO:MONDO:0021001,MedGen:C3469186,OMIM:235200,Orphanet:139498,Orphanet:465508",HFE POLYMORPHISM|Hemochromatosis type 1,germline;unknown,germline,GRCh37,NC_000006.11,6,26091167,26091167,na,na,6p22.2,"criteria provided, single submitter",2,"ACMG2021,ACMG2022",N,"ClinGen:CA113804,UniProtKB:Q30201#VAR_008112,OMIM:613609.0006",3,16,26091167,G,A
15055,single nucleotide variant,NM_000410.4(HFE):c.175G>A (p.Val59Met),3077,HFE,HGNC:4886,Uncertain significance,0,"May 28, 2019",111033557,-,RCV000000033|RCV000987659,"|MONDO:MONDO:0021001,MedGen:C3469186,OMIM:235200,Orphanet:139498,Orphanet:465508",HFE POLYMORPHISM|Hemochromatosis type 1,germline;unknown,germline,GRCh38,NC_000006.12,6,26090939,26090939,na,na,6p22.2,"criteria provided, single submitter",2,"ACMG2021,ACMG2022",N,"ClinGen:CA113804,UniProtKB:Q30201#VAR_008112,OMIM:613609.0006",3,16,26090939,G,A
15056,single nucleotide variant,NM_000410.4(HFE):c.381A>C (p.Gln127His),3077,HFE,HGNC:4886,Pathogenic,1,"Aug 01, 1999",28934595,-,RCV000000034,"MONDO:MONDO:0021001,MedGen:C3469186,OMIM:235200,Orphanet:139498,Orphanet:465508",Hemochromatosis type 1,germline,germline,GRCh37,NC_000006.11,6,26091582,26091582,na,na,6p22.2,no assertion criteria provided,1,"ACMG2021,ACMG2022",N,"OMIM:613609.0007,ClinGen:CA280945,UniProtKB:Q30201#VAR_008113",1,17,26091582,A,C
15056,single nucleotide variant,NM_000410.4(HFE):c.381A>C (p.Gln127His),3077,HFE,HGNC:4886,Pathogenic,1,"Aug 01, 1999",28934595,-,RCV000000034,"MONDO:MONDO:0021001,MedGen:C3469186,OMIM:235200,Orphanet:139498,Orphanet:465508",Hemochromatosis type 1,germline,germline,GRCh38,NC_000006.12,6,26091354,26091354,na,na,6p22.2,no assertion criteria provided,1,"ACMG2021,ACMG2022",N,"OMIM:613609.0007,ClinGen:CA280945,UniProtKB:Q30201#VAR_008113",1,17,26091354,A,C
15057,single nucleotide variant,NM_000410.4(HFE):c.989G>T (p.Arg330Met),3077,HFE,HGNC:4886,Pathogenic,1,"Aug 01, 1999",111033558,-,RCV000000035,"MONDO:MONDO:0021001,MedGen:C3469186,OMIM:235200,Orphanet:139498,Orphanet:465508",Hemochromatosis type 1,germline,germline,GRCh37,NC_000006.11,6,26093443,26093443,na,na,6p22.2,no assertion criteria provided,1,"ACMG2021,ACMG2022",N,"ClinGen:CA280947,UniProtKB:Q30201#VAR_008114,OMIM:613609.0008",1,18,26093443,G,T
15057,single nucleotide variant,NM_000410.4(HFE):c.989G>T (p.Arg330Met),3077,HFE,HGNC:4886,Pathogenic,1,"Aug 01, 1999",111033558,-,RCV000000035,"MONDO:MONDO:0021001,MedGen:C3469186,OMIM:235200,Orphanet:139498,Orphanet:465508",Hemochromatosis type 1,germline,germline,GRCh38,NC_000006.12,6,26093215,26093215,na,na,6p22.2,no assertion criteria provided,1,"ACMG2021,ACMG2022",N,"ClinGen:CA280947,UniProtKB:Q30201#VAR_008114,OMIM:613609.0008",1,18,26093215,G,T
15058,single nucleotide variant,NM_000410.4(HFE):c.848A>C (p.Gln283Pro),3077,HFE,HGNC:4886,Pathogenic,1,"Sep 04, 2021",111033563,-,RCV000000036|RCV001050090,"MONDO:MONDO:0021001,MedGen:C3469186,OMIM:235200,Orphanet:139498,Orphanet:465508|MONDO:MONDO:0006507,MedGen:C0392514,OMIM:PS235200",Hemochromatosis type 1|Hereditary hemochromatosis,germline,germline,GRCh37,NC_000006.11,6,26093144,26093144,na,na,6p22.2,"criteria provided, single submitter",2,"ACMG2021,ACMG2022",N,"ClinGen:CA280949,UniProtKB:Q30201#VAR_037304,OMIM:613609.0011",3,19,26093144,A,C
15058,single nucleotide variant,NM_000410.4(HFE):c.848A>C (p.Gln283Pro),3077,HFE,HGNC:4886,Pathogenic,1,"Sep 04, 2021",111033563,-,RCV000000036|RCV001050090,"MONDO:MONDO:0021001,MedGen:C3469186,OMIM:235200,Orphanet:139498,Orphanet:465508|MONDO:MONDO:0006507,MedGen:C0392514,OMIM:PS235200",Hemochromatosis type 1|Hereditary hemochromatosis,germline,germline,GRCh38,NC_000006.12,6,26092916,26092916,na,na,6p22.2,"criteria provided, single submitter",2,"ACMG2021,ACMG2022",N,"ClinGen:CA280949,UniProtKB:Q30201#VAR_037304,OMIM:613609.0011",3,19,26092916,A,C
15059,single nucleotide variant,NM_020779.4(WDR35):c.25-2A>G,57539,WDR35,HGNC:29250,Pathogenic,1,"Sep 10, 2010",397515534,-,RCV000000037,"MONDO:MONDO:0013323,MedGen:C3150874,OMIM:613610,Orphanet:1515",Cranioectodermal dysplasia 2,germline,germline,GRCh37,NC_000002.11,2,20189045,20189045,na,na,2p24.1,no assertion criteria provided,1,-,N,"ClinGen:CA113807,OMIM:613602.0001",1,20,20189045,T,C
15059,single nucleotide variant,NM_020779.4(WDR35):c.25-2A>G,57539,WDR35,HGNC:29250,Pathogenic,1,"Sep 10, 2010",397515534,-,RCV000000037,"MONDO:MONDO:0013323,MedGen:C3150874,OMIM:613610,Orphanet:1515",Cranioectodermal dysplasia 2,germline,germline,GRCh38,NC_000002.12,2,19989284,19989284,na,na,2p24.1,no assertion criteria provided,1,-,N,"ClinGen:CA113807,OMIM:613602.0001",1,20,19989284,T,C
15060,single nucleotide variant,NM_020779.4(WDR35):c.1844A>G (p.Glu615Gly),57539,WDR35,HGNC:29250,Pathogenic,1,"Sep 10, 2010",267607174,-,RCV000000038,"MONDO:MONDO:0013323,MedGen:C3150874,OMIM:613610,Orphanet:1515",Cranioectodermal dysplasia 2,germline;unknown,germline,GRCh37,NC_000002.11,2,20145548,20145548,na,na,2p24.1,no assertion criteria provided,2,-,N,"ClinGen:CA339780,UniProtKB:Q9P2L0#VAR_064581,OMIM:613602.0002",1,21,20145548,T,C
15060,single nucleotide variant,NM_020779.4(WDR35):c.1844A>G (p.Glu615Gly),57539,WDR35,HGNC:29250,Pathogenic,1,"Sep 10, 2010",267607174,-,RCV000000038,"MONDO:MONDO:0013323,MedGen:C3150874,OMIM:613610,Orphanet:1515",Cranioectodermal dysplasia 2,germline;unknown,germline,GRCh38,NC_000002.12,2,19945787,19945787,na,na,2p24.1,no assertion criteria provided,2,-,N,"ClinGen:CA339780,UniProtKB:Q9P2L0#VAR_064581,OMIM:613602.0002",1,21,19945787,T,C
15061,Deletion,NM_020779.4(WDR35):c.2858del (p.Pro953fs),57539,WDR35,HGNC:29250,Pathogenic,1,"Sep 10, 2010",397515334,-,RCV000000039,"MONDO:MONDO:0013323,MedGen:C3150874,OMIM:613610,Orphanet:1515",Cranioectodermal dysplasia 2,germline,germline,GRCh37,NC_000002.11,2,20131136,20131136,na,na,2p24.1,no assertion criteria provided,1,-,N,"ClinGen:CA339781,OMIM:613602.0003",1,22,20131135,AG,A
15061,Deletion,NM_020779.4(WDR35):c.2858del (p.Pro953fs),57539,WDR35,HGNC:29250,Pathogenic,1,"Sep 10, 2010",397515334,-,RCV000000039,"MONDO:MONDO:0013323,MedGen:C3150874,OMIM:613610,Orphanet:1515",Cranioectodermal dysplasia 2,germline,germline,GRCh38,NC_000002.12,2,19931375,19931375,na,na,2p24.1,no assertion criteria provided,1,-,N,"ClinGen:CA339781,OMIM:613602.0003",1,22,19931374,AG,A
15062,single nucleotide variant,NM_020779.4(WDR35):c.2590G>A (p.Ala864Thr),57539,WDR35,HGNC:29250,Likely pathogenic,1,"May 25, 2017",267607175,-,RCV000000040|RCV000508347,"MONDO:MONDO:0013323,MedGen:C3150874,OMIM:613610,Orphanet:1515|MedGen:CN517202",Cranioectodermal dysplasia 2|not provided,germline,germline,GRCh37,NC_000002.11,2,20133230,20133230,na,na,2p24.1,"criteria provided, single submitter",2,-,N,"ClinGen:CA339782,UniProtKB:Q9P2L0#VAR_064582,OMIM:613602.0004",3,23,20133230,C,T
15062,single nucleotide variant,NM_020779.4(WDR35):c.2590G>A (p.Ala864Thr),57539,WDR35,HGNC:29250,Likely pathogenic,1,"May 25, 2017",267607175,-,RCV000000040|RCV000508347,"MONDO:MONDO:0013323,MedGen:C3150874,OMIM:613610,Orphanet:1515|MedGen:CN517202",Cranioectodermal dysplasia 2|not provided,germline,germline,GRCh38,NC_000002.12,2,19933469,19933469,na,na,2p24.1,"criteria provided, single submitter",2,-,N,"ClinGen:CA339782,UniProtKB:Q9P2L0#VAR_064582,OMIM:613602.0004",3,23,19933469,C,T
15063,Indel,NM_001042472.3(ABHD12):c.337_338delinsTTT (p.Asp113fs),26090,ABHD12,HGNC:15868,Pathogenic,1,"Oct 09, 2017",1555813914,-,RCV000000041|RCV000522470,"MONDO:MONDO:0012984,MedGen:C2675204,OMIM:612674,Orphanet:171848|MedGen:CN517202",PHARC syndrome|not provided,germline,germline,GRCh37,NC_000020.10,20,25304045,25304046,na,na,20p11.21,"criteria provided, single submitter",2,-,N,"ClinGen:CA113808,OMIM:613599.0001",3,24,25304045,TC,AAA
15063,Indel,NM_001042472.3(ABHD12):c.337_338delinsTTT (p.Asp113fs),26090,ABHD12,HGNC:15868,Pathogenic,1,"Oct 09, 2017",1555813914,-,RCV000000041|RCV000522470,"MONDO:MONDO:0012984,MedGen:C2675204,OMIM:612674,Orphanet:171848|MedGen:CN517202",PHARC syndrome|not provided,germline,germline,GRCh38,NC_000020.11,20,25323409,25323410,na,na,20p11.21,"criteria provided, single submitter",2,-,N,"ClinGen:CA113808,OMIM:613599.0001",3,24,25323409,TC,AAA
15064,Indel,NM_015600.4(ABHD12):c.-6898_191+7002delinsCC,26090,ABHD12,HGNC:15868,Pathogenic,1,"Sep 10, 2010",-1,nsv1067853,RCV000000042,"MONDO:MONDO:0012984,MedGen:C2675204,OMIM:612674,Orphanet:171848",PHARC syndrome,germline,germline,GRCh37,NC_000020.10,20,25364147,25378237,na,GG,20p11.21,no assertion criteria provided,1,-,N,"dbVar:nssv3761628,OMIM:613599.0002",1,25,-1,na,na
15064,Indel,NM_015600.4(ABHD12):c.-6898_191+7002delinsCC,26090,ABHD12,HGNC:15868,Pathogenic,1,"Sep 10, 2010",-1,nsv1067853,RCV000000042,"MONDO:MONDO:0012984,MedGen:C2675204,OMIM:612674,Orphanet:171848",PHARC syndrome,germline,germline,GRCh38,NC_000020.11,20,25383511,25397601,na,GG,20p11.21,no assertion criteria provided,1,-,N,"dbVar:nssv3761628,OMIM:613599.0002",1,25,-1,na,na
15065,Duplication,NM_001042472.3(ABHD12):c.846_852dup (p.His285Ter),26090,ABHD12,HGNC:15868,Pathogenic,1,"Sep 10, 2010",397704714,-,RCV000000043,"MONDO:MONDO:0012984,MedGen:C2675204,OMIM:612674,Orphanet:171848",PHARC syndrome,germline,germline,GRCh37,NC_000020.10,20,25288616,25288617,na,na,20p11.21,no assertion criteria provided,1,-,N,"ClinGen:CA113810,OMIM:613599.0003",1,26,25288616,G,GGCTCTTA
15065,Duplication,NM_001042472.3(ABHD12):c.846_852dup (p.His285Ter),26090,ABHD12,HGNC:15868,Pathogenic,1,"Sep 10, 2010",397704714,-,RCV000000043,"MONDO:MONDO:0012984,MedGen:C2675204,OMIM:612674,Orphanet:171848",PHARC syndrome,germline,germline,GRCh38,NC_000020.11,20,25307980,25307981,na,na,20p11.21,no assertion criteria provided,1,-,N,"ClinGen:CA113810,OMIM:613599.0003",1,26,25307980,G,GGCTCTTA
15066,single nucleotide variant,NM_001042472.3(ABHD12):c.1054C>T (p.Arg352Ter),26090,ABHD12,HGNC:15868,Pathogenic,1,"Jan 05, 2022",267606624,-,RCV000000044|RCV001208516,"MONDO:MONDO:0012984,MedGen:C2675204,OMIM:612674,Orphanet:171848|MedGen:CN517202",PHARC syndrome|not provided,germline,germline,GRCh37,NC_000020.10,20,25282958,25282958,na,na,20p11.21,"criteria provided, multiple submitters, no conflicts",3,-,N,"ClinGen:CA113811,OMIM:613599.0004",3,27,25282958,G,A
15066,single nucleotide variant,NM_001042472.3(ABHD12):c.1054C>T (p.Arg352Ter),26090,ABHD12,HGNC:15868,Pathogenic,1,"Jan 05, 2022",267606624,-,RCV000000044|RCV001208516,"MONDO:MONDO:0012984,MedGen:C2675204,OMIM:612674,Orphanet:171848|MedGen:CN517202",PHARC syndrome|not provided,germline,germline,GRCh38,NC_000020.11,20,25302322,25302322,na,na,20p11.21,"criteria provided, multiple submitters, no conflicts",3,-,N,"ClinGen:CA113811,OMIM:613599.0004",3,27,25302322,G,A
15067,single nucleotide variant,NM_144631.6(ZNF513):c.1015T>C (p.Cys339Arg),130557,ZNF513,HGNC:26498,Uncertain significance,1,"Aug 26, 2021",267607182,-,RCV000000045|RCV000778613|RCV001239265,"MONDO:MONDO:0013328,MedGen:C3150879,OMIM:613617,Orphanet:791|MedGen:CN239354|MedGen:CN517202","Retinitis pigmentosa 58|Retinitis Pigmentosa, Dominant|not provided",germline,germline,GRCh37,NC_000002.11,2,27601023,27601023,na,na,2p23.3,"criteria provided, multiple submitters, no conflicts",3,-,N,"ClinGen:CA251354,UniProtKB:Q8N8E2#VAR_064926,OMIM:613598.0001",3,28,27601023,A,G
15067,single nucleotide variant,NM_144631.6(ZNF513):c.1015T>C (p.Cys339Arg),130557,ZNF513,HGNC:26498,Uncertain significance,1,"Aug 26, 2021",267607182,-,RCV000000045|RCV000778613|RCV001239265,"MONDO:MONDO:0013328,MedGen:C3150879,OMIM:613617,Orphanet:791|MedGen:CN239354|MedGen:CN517202","Retinitis pigmentosa 58|Retinitis Pigmentosa, Dominant|not provided",germline,germline,GRCh38,NC_000002.12,2,27378156,27378156,na,na,2p23.3,"criteria provided, multiple submitters, no conflicts",3,-,N,"ClinGen:CA251354,UniProtKB:Q8N8E2#VAR_064926,OMIM:613598.0001",3,28,27378156,A,G
15068,Microsatellite,NM_138413.4(HOGA1):c.938AGG[2] (p.Glu315del),112817,HOGA1,HGNC:25155,Pathogenic,1,"Dec 15, 2021",397509360,-,RCV000000046|RCV000815800,"MONDO:MONDO:0013327,MedGen:C3150878,OMIM:613616,Orphanet:416,Orphanet:93600|MedGen:CN517202",Primary hyperoxaluria type 3|not provided,germline;unknown,germline,GRCh37,NC_000010.10,10,99371369,99371371,na,na,10q24.2,"criteria provided, multiple submitters, no conflicts",12,-,N,"ClinGen:CA339783,OMIM:613597.0001",3,29,99371368,TGAG,T
15068,Microsatellite,NM_138413.4(HOGA1):c.938AGG[2] (p.Glu315del),112817,HOGA1,HGNC:25155,Pathogenic,1,"Dec 15, 2021",397509360,-,RCV000000046|RCV000815800,"MONDO:MONDO:0013327,MedGen:C3150878,OMIM:613616,Orphanet:416,Orphanet:93600|MedGen:CN517202",Primary hyperoxaluria type 3|not provided,germline;unknown,germline,GRCh38,NC_000010.11,10,97611612,97611614,na,na,10q24.2,"criteria provided, multiple submitters, no conflicts",12,-,N,"ClinGen:CA339783,OMIM:613597.0001",3,29,97611611,TGAG,T
15069,single nucleotide variant,NM_138413.4(HOGA1):c.860G>T (p.Gly287Val),112817,HOGA1,HGNC:25155,Pathogenic/Likely pathogenic,1,"Jun 03, 2022",138207257,-,RCV000000047|RCV000798240,"MONDO:MONDO:0013327,MedGen:C3150878,OMIM:613616,Orphanet:416,Orphanet:93600|MedGen:CN517202",Primary hyperoxaluria type 3|not provided,germline;unknown,germline,GRCh37,NC_000010.10,10,99371292,99371292,na,na,10q24.2,"criteria provided, multiple submitters, no conflicts",7,-,N,"ClinGen:CA113813,UniProtKB:Q86XE5#VAR_064036,OMIM:613597.0002",3,30,99371292,G,T
15069,single nucleotide variant,NM_138413.4(HOGA1):c.860G>T (p.Gly287Val),112817,HOGA1,HGNC:25155,Pathogenic/Likely pathogenic,1,"Jun 03, 2022",138207257,-,RCV000000047|RCV000798240,"MONDO:MONDO:0013327,MedGen:C3150878,OMIM:613616,Orphanet:416,Orphanet:93600|MedGen:CN517202",Primary hyperoxaluria type 3|not provided,germline;unknown,germline,GRCh38,NC_000010.11,10,97611535,97611535,na,na,10q24.2,"criteria provided, multiple submitters, no conflicts",7,-,N,"ClinGen:CA113813,UniProtKB:Q86XE5#VAR_064036,OMIM:613597.0002",3,30,97611535,G,T
15070,single nucleotide variant,NM_138413.4(HOGA1):c.289C>T (p.Arg97Cys),112817,HOGA1,HGNC:25155,Conflicting interpretations of pathogenicity,1,"Oct 12, 2021",267606762,-,RCV000000048|RCV001059730,"MONDO:MONDO:0013327,MedGen:C3150878,OMIM:613616,Orphanet:416,Orphanet:93600|MedGen:CN517202",Primary hyperoxaluria type 3|not provided,germline;unknown,germline,GRCh37,NC_000010.10,10,99358609,99358609,na,na,10q24.2,"criteria provided, conflicting interpretations",5,-,N,"ClinGen:CA113814,OMIM:613597.0003",3,31,99358609,C,T
15070,single nucleotide variant,NM_138413.4(HOGA1):c.289C>T (p.Arg97Cys),112817,HOGA1,HGNC:25155,Conflicting interpretations of pathogenicity,1,"Oct 12, 2021",267606762,-,RCV000000048|RCV001059730,"MONDO:MONDO:0013327,MedGen:C3150878,OMIM:613616,Orphanet:416,Orphanet:93600|MedGen:CN517202",Primary hyperoxaluria type 3|not provided,germline;unknown,germline,GRCh38,NC_000010.11,10,97598852,97598852,na,na,10q24.2,"criteria provided, conflicting interpretations",5,-,N,"ClinGen:CA113814,OMIM:613597.0003",3,31,97598852,C,T
15071,single nucleotide variant,NM_138413.4(HOGA1):c.700+4G>T,112817,HOGA1,HGNC:25155,Pathogenic,1,"Sep 10, 2010",2041105506,-,RCV000000049,"MONDO:MONDO:0013327,MedGen:C3150878,OMIM:613616,Orphanet:416,Orphanet:93600",Primary hyperoxaluria type 3,germline,germline,GRCh37,NC_000010.10,10,99359924,99359924,na,na,10q24.2,no assertion criteria provided,1,-,N,"LOVD 3:HOGA1_000005,OMIM:613597.0004",1,32,99359924,G,T
15071,single nucleotide variant,NM_138413.4(HOGA1):c.700+4G>T,112817,HOGA1,HGNC:25155,Pathogenic,1,"Sep 10, 2010",2041105506,-,RCV000000049,"MONDO:MONDO:0013327,MedGen:C3150878,OMIM:613616,Orphanet:416,Orphanet:93600",Primary hyperoxaluria type 3,germline,germline,GRCh38,NC_000010.11,10,97600167,97600167,na,na,10q24.2,no assertion criteria provided,1,-,N,"LOVD 3:HOGA1_000005,OMIM:613597.0004",1,32,97600167,G,T
15072,single nucleotide variant,NM_138413.4(HOGA1):c.209G>C (p.Arg70Pro),112817,HOGA1,HGNC:25155,Pathogenic,1,"Sep 19, 2021",267606763,-,RCV000000050|RCV001387338,"MONDO:MONDO:0013327,MedGen:C3150878,OMIM:613616,Orphanet:416,Orphanet:93600|MedGen:CN517202",Primary hyperoxaluria type 3|not provided,germline,germline,GRCh37,NC_000010.10,10,99344669,99344669,na,na,10q24.2,"criteria provided, single submitter",3,-,N,"ClinGen:CA113816,OMIM:613597.0005",3,33,99344669,G,C
15072,single nucleotide variant,NM_138413.4(HOGA1):c.209G>C (p.Arg70Pro),112817,HOGA1,HGNC:25155,Pathogenic,1,"Sep 19, 2021",267606763,-,RCV000000050|RCV001387338,"MONDO:MONDO:0013327,MedGen:C3150878,OMIM:613616,Orphanet:416,Orphanet:93600|MedGen:CN517202",Primary hyperoxaluria type 3|not provided,germline,germline,GRCh38,NC_000010.11,10,97584912,97584912,na,na,10q24.2,"criteria provided, single submitter",3,-,N,"ClinGen:CA113816,OMIM:613597.0005",3,33,97584912,G,C
15073,single nucleotide variant,NM_138413.4(HOGA1):c.769T>G (p.Cys257Gly),112817,HOGA1,HGNC:25155,Pathogenic/Likely pathogenic,1,"Dec 07, 2021",267606764,-,RCV000000051|RCV000994489,"MONDO:MONDO:0013327,MedGen:C3150878,OMIM:613616,Orphanet:416,Orphanet:93600|MedGen:CN517202",Primary hyperoxaluria type 3|not provided,germline,germline,GRCh37,NC_000010.10,10,99361682,99361682,na,na,10q24.2,"criteria provided, multiple submitters, no conflicts",5,-,N,"ClinGen:CA113818,UniProtKB:Q86XE5#VAR_064035,OMIM:613597.0006",3,34,99361682,T,G
15073,single nucleotide variant,NM_138413.4(HOGA1):c.769T>G (p.Cys257Gly),112817,HOGA1,HGNC:25155,Pathogenic/Likely pathogenic,1,"Dec 07, 2021",267606764,-,RCV000000051|RCV000994489,"MONDO:MONDO:0013327,MedGen:C3150878,OMIM:613616,Orphanet:416,Orphanet:93600|MedGen:CN517202",Primary hyperoxaluria type 3|not provided,germline,germline,GRCh38,NC_000010.11,10,97601925,97601925,na,na,10q24.2,"criteria provided, multiple submitters, no conflicts",5,-,N,"ClinGen:CA113818,UniProtKB:Q86XE5#VAR_064035,OMIM:613597.0006",3,34,97601925,T,G
15074,single nucleotide variant,NM_001201543.2(FAM161A):c.685C>T (p.Arg229Ter),84140,FAM161A,HGNC:25808,Pathogenic,1,"Sep 15, 2021",267606794,-,RCV000000052|RCV001074032|RCV001090971|RCV001257835,"MONDO:MONDO:0011630,MedGen:C1419614,OMIM:606068,Orphanet:791|Human Phenotype Ontology:HP:0000556,Human Phenotype Ontology:HP:0007736,Human Phenotype Ontology:HP:0007910,Human Phenotype Ontology:HP:0007974,Human Phenotype Ontology:HP:0007982,MONDO:MONDO:0019118,MeSH:D058499,MedGen:C0854723,Orphanet:71862|MedGen:CN517202|MedGen:C0339526",Retinitis pigmentosa 28|Retinal dystrophy|not provided|Autosomal recessive retinitis pigmentosa,germline,germline,GRCh37,NC_000002.11,2,62067454,62067454,na,na,2p15,"criteria provided, multiple submitters, no conflicts",7,-,N,"OMIM:613596.0001,ClinGen:CA251355",3,35,62067454,G,A
15074,single nucleotide variant,NM_001201543.2(FAM161A):c.685C>T (p.Arg229Ter),84140,FAM161A,HGNC:25808,Pathogenic,1,"Sep 15, 2021",267606794,-,RCV000000052|RCV001074032|RCV001090971|RCV001257835,"MONDO:MONDO:0011630,MedGen:C1419614,OMIM:606068,Orphanet:791|Human Phenotype Ontology:HP:0000556,Human Phenotype Ontology:HP:0007736,Human Phenotype Ontology:HP:0007910,Human Phenotype Ontology:HP:0007974,Human Phenotype Ontology:HP:0007982,MONDO:MONDO:0019118,MeSH:D058499,MedGen:C0854723,Orphanet:71862|MedGen:CN517202|MedGen:C0339526",Retinitis pigmentosa 28|Retinal dystrophy|not provided|Autosomal recessive retinitis pigmentosa,germline,germline,GRCh38,NC_000002.12,2,61840319,61840319,na,na,2p15,"criteria provided, multiple submitters, no conflicts",7,-,N,"OMIM:613596.0001,ClinGen:CA251355",3,35,61840319,G,A
15075,single nucleotide variant,NM_001201543.2(FAM161A):c.1309A>T (p.Arg437Ter),84140,FAM161A,HGNC:25808,Pathogenic,1,"Feb 09, 2022",200691042,-,RCV000000053|RCV000153226|RCV000678572|RCV000778621|RCV000787604,"MONDO:MONDO:0011630,MedGen:C1419614,OMIM:606068,Orphanet:791|MedGen:CN517202|Human Phenotype Ontology:HP:0000548,MONDO:MONDO:0015993,MedGen:C4085590,OMIM:PS120970,Orphanet:1872|Human Phenotype Ontology:HP:0000547,MONDO:MONDO:0019200,MeSH:D012174,MedGen:C0035334,OMIM:268000,OMIM:PS268000,Orphanet:791|Human Phenotype Ontology:HP:0000556,Human Phenotype Ontology:HP:0007736,Human Phenotype Ontology:HP:0007910,Human Phenotype Ontology:HP:0007974,Human Phenotype Ontology:HP:0007982,MONDO:MONDO:0019118,MeSH:D058499,MedGen:C0854723,Orphanet:71862",Retinitis pigmentosa 28|not provided|Cone-rod dystrophy|Retinitis pigmentosa|Retinal dystrophy,germline;inherited;unknown,germline,GRCh37,NC_000002.11,2,62066830,62066830,na,na,2p15,"criteria provided, multiple submitters, no conflicts",20,-,N,"ClinGen:CA233978,OMIM:613596.0002",3,36,62066830,T,A
15075,single nucleotide variant,NM_001201543.2(FAM161A):c.1309A>T (p.Arg437Ter),84140,FAM161A,HGNC:25808,Pathogenic,1,"Feb 09, 2022",200691042,-,RCV000000053|RCV000153226|RCV000678572|RCV000778621|RCV000787604,"MONDO:MONDO:0011630,MedGen:C1419614,OMIM:606068,Orphanet:791|MedGen:CN517202|Human Phenotype Ontology:HP:0000548,MONDO:MONDO:0015993,MedGen:C4085590,OMIM:PS120970,Orphanet:1872|Human Phenotype Ontology:HP:0000547,MONDO:MONDO:0019200,MeSH:D012174,MedGen:C0035334,OMIM:268000,OMIM:PS268000,Orphanet:791|Human Phenotype Ontology:HP:0000556,Human Phenotype Ontology:HP:0007736,Human Phenotype Ontology:HP:0007910,Human Phenotype Ontology:HP:0007974,Human Phenotype Ontology:HP:0007982,MONDO:MONDO:0019118,MeSH:D058499,MedGen:C0854723,Orphanet:71862",Retinitis pigmentosa 28|not provided|Cone-rod dystrophy|Retinitis pigmentosa|Retinal dystrophy,germline;inherited;unknown,germline,GRCh38,NC_000002.12,2,61839695,61839695,na,na,2p15,"criteria provided, multiple submitters, no conflicts",20,-,N,"ClinGen:CA233978,OMIM:613596.0002",3,36,61839695,T,A
15076,Deletion,NM_001201543.2(FAM161A):c.1355_1356del (p.Thr452fs),84140,FAM161A,HGNC:25808,Pathogenic,1,"Dec 18, 2021",397704718,-,RCV000000054|RCV000414251|RCV001003032|RCV001073488,"MONDO:MONDO:0011630,MedGen:C1419614,OMIM:606068,Orphanet:791|MedGen:CN517202|Human Phenotype Ontology:HP:0000547,MONDO:MONDO:0019200,MeSH:D012174,MedGen:C0035334,OMIM:268000,OMIM:PS268000,Orphanet:791|Human Phenotype Ontology:HP:0000556,Human Phenotype Ontology:HP:0007736,Human Phenotype Ontology:HP:0007910,Human Phenotype Ontology:HP:0007974,Human Phenotype Ontology:HP:0007982,MONDO:MONDO:0019118,MeSH:D058499,MedGen:C0854723,Orphanet:71862",Retinitis pigmentosa 28|not provided|Retinitis pigmentosa|Retinal dystrophy,germline;inherited;unknown,germline,GRCh37,NC_000002.11,2,62066783,62066784,na,na,2p15,"criteria provided, multiple submitters, no conflicts",10,-,N,"ClinGen:CA251357,OMIM:613596.0003",3,37,62066782,CTG,C
15076,Deletion,NM_001201543.2(FAM161A):c.1355_1356del (p.Thr452fs),84140,FAM161A,HGNC:25808,Pathogenic,1,"Dec 18, 2021",397704718,-,RCV000000054|RCV000414251|RCV001003032|RCV001073488,"MONDO:MONDO:0011630,MedGen:C1419614,OMIM:606068,Orphanet:791|MedGen:CN517202|Human Phenotype Ontology:HP:0000547,MONDO:MONDO:0019200,MeSH:D012174,MedGen:C0035334,OMIM:268000,OMIM:PS268000,Orphanet:791|Human Phenotype Ontology:HP:0000556,Human Phenotype Ontology:HP:0007736,Human Phenotype Ontology:HP:0007910,Human Phenotype Ontology:HP:0007974,Human Phenotype Ontology:HP:0007982,MONDO:MONDO:0019118,MeSH:D058499,MedGen:C0854723,Orphanet:71862",Retinitis pigmentosa 28|not provided|Retinitis pigmentosa|Retinal dystrophy,germline;inherited;unknown,germline,GRCh38,NC_000002.12,2,61839648,61839649,na,na,2p15,"criteria provided, multiple submitters, no conflicts",10,-,N,"ClinGen:CA251357,OMIM:613596.0003",3,37,61839647,CTG,C
15077,single nucleotide variant,NM_001201543.2(FAM161A):c.1567C>T (p.Arg523Ter),84140,FAM161A,HGNC:25808,Pathogenic,1,"Apr 27, 2022",202193201,-,RCV000000055|RCV000787606|RCV000790648|RCV001003031,"MONDO:MONDO:0011630,MedGen:C1419614,OMIM:606068,Orphanet:791|Human Phenotype Ontology:HP:0000556,Human Phenotype Ontology:HP:0007736,Human Phenotype Ontology:HP:0007910,Human Phenotype Ontology:HP:0007974,Human Phenotype Ontology:HP:0007982,MONDO:MONDO:0019118,MeSH:D058499,MedGen:C0854723,Orphanet:71862|MedGen:CN517202|Human Phenotype Ontology:HP:0000547,MONDO:MONDO:0019200,MeSH:D012174,MedGen:C0035334,OMIM:268000,OMIM:PS268000,Orphanet:791",Retinitis pigmentosa 28|Retinal dystrophy|not provided|Retinitis pigmentosa,germline;inherited;unknown,germline,GRCh37,NC_000002.11,2,62066572,62066572,na,na,2p15,"criteria provided, multiple submitters, no conflicts",13,-,N,"ClinGen:CA233972,OMIM:613596.0004",3,38,62066572,G,A
15077,single nucleotide variant,NM_001201543.2(FAM161A):c.1567C>T (p.Arg523Ter),84140,FAM161A,HGNC:25808,Pathogenic,1,"Apr 27, 2022",202193201,-,RCV000000055|RCV000787606|RCV000790648|RCV001003031,"MONDO:MONDO:0011630,MedGen:C1419614,OMIM:606068,Orphanet:791|Human Phenotype Ontology:HP:0000556,Human Phenotype Ontology:HP:0007736,Human Phenotype Ontology:HP:0007910,Human Phenotype Ontology:HP:0007974,Human Phenotype Ontology:HP:0007982,MONDO:MONDO:0019118,MeSH:D058499,MedGen:C0854723,Orphanet:71862|MedGen:CN517202|Human Phenotype Ontology:HP:0000547,MONDO:MONDO:0019200,MeSH:D012174,MedGen:C0035334,OMIM:268000,OMIM:PS268000,Orphanet:791",Retinitis pigmentosa 28|Retinal dystrophy|not provided|Retinitis pigmentosa,germline;inherited;unknown,germline,GRCh38,NC_000002.12,2,61839437,61839437,na,na,2p15,"criteria provided, multiple submitters, no conflicts",13,-,N,"ClinGen:CA233972,OMIM:613596.0004",3,38,61839437,G,A
15078,single nucleotide variant,NM_001201543.2(FAM161A):c.1786C>T (p.Arg596Ter),84140,FAM161A,HGNC:25808,Pathogenic,1,"Aug 27, 2021",267606793,-,RCV000000056|RCV001054497,"MONDO:MONDO:0011630,MedGen:C1419614,OMIM:606068,Orphanet:791|MedGen:CN517202",Retinitis pigmentosa 28|not provided,germline,germline,GRCh37,NC_000002.11,2,62063210,62063210,na,na,2p15,"criteria provided, single submitter",3,-,N,"ClinGen:CA251358,OMIM:613596.0005",3,39,62063210,G,A
15078,single nucleotide variant,NM_001201543.2(FAM161A):c.1786C>T (p.Arg596Ter),84140,FAM161A,HGNC:25808,Pathogenic,1,"Aug 27, 2021",267606793,-,RCV000000056|RCV001054497,"MONDO:MONDO:0011630,MedGen:C1419614,OMIM:606068,Orphanet:791|MedGen:CN517202",Retinitis pigmentosa 28|not provided,germline,germline,GRCh38,NC_000002.12,2,61836075,61836075,na,na,2p15,"criteria provided, single submitter",3,-,N,"ClinGen:CA251358,OMIM:613596.0005",3,39,61836075,G,A
15079,Deletion,NM_001083961.2(WDR62):c.4205_4208del (p.Val1402fs),284403,WDR62,HGNC:24502,Pathogenic,1,"Sep 09, 2010",397704721,-,RCV000000057,"MONDO:MONDO:0011435,MedGen:C1858535,OMIM:604317,Orphanet:2512","Microcephaly 2, primary, autosomal recessive, with or without cortical malformations",germline,germline,GRCh37,NC_000019.9,19,36595471,36595474,na,na,19q13.12,no assertion criteria provided,1,-,N,"ClinGen:CA251360,OMIM:613583.0001",1,40,36595470,GTGCC,G
15079,Deletion,NM_001083961.2(WDR62):c.4205_4208del (p.Val1402fs),284403,WDR62,HGNC:24502,Pathogenic,1,"Sep 09, 2010",397704721,-,RCV000000057,"MONDO:MONDO:0011435,MedGen:C1858535,OMIM:604317,Orphanet:2512","Microcephaly 2, primary, autosomal recessive, with or without cortical malformations",germline,germline,GRCh38,NC_000019.10,19,36104569,36104572,na,na,19q13.12,no assertion criteria provided,1,-,N,"ClinGen:CA251360,OMIM:613583.0001",1,40,36104568,GTGCC,G
15080,single nucleotide variant,NM_001083961.2(WDR62):c.1576G>A (p.Glu526Lys),284403,WDR62,HGNC:24502,Conflicting interpretations of pathogenicity,1,"Aug 30, 2022",147875659,-,RCV000000058|RCV000489330|RCV001174806,"MONDO:MONDO:0011435,MedGen:C1858535,OMIM:604317,Orphanet:2512|MedGen:CN517202|MONDO:MONDO:0016660,MedGen:C3711387,OMIM:PS251200,Orphanet:2512","Microcephaly 2, primary, autosomal recessive, with or without cortical malformations|not provided|Autosomal recessive primary microcephaly",germline;unknown,germline,GRCh37,NC_000019.9,19,36575580,36575580,na,na,19q13.12,"criteria provided, conflicting interpretations",8,-,N,"ClinGen:CA239800,UniProtKB:O43379#VAR_063703,OMIM:613583.0002",3,41,36575580,G,A
15080,single nucleotide variant,NM_001083961.2(WDR62):c.1576G>A (p.Glu526Lys),284403,WDR62,HGNC:24502,Conflicting interpretations of pathogenicity,1,"Aug 30, 2022",147875659,-,RCV000000058|RCV000489330|RCV001174806,"MONDO:MONDO:0011435,MedGen:C1858535,OMIM:604317,Orphanet:2512|MedGen:CN517202|MONDO:MONDO:0016660,MedGen:C3711387,OMIM:PS251200,Orphanet:2512","Microcephaly 2, primary, autosomal recessive, with or without cortical malformations|not provided|Autosomal recessive primary microcephaly",germline;unknown,germline,GRCh38,NC_000019.10,19,36084678,36084678,na,na,19q13.12,"criteria provided, conflicting interpretations",8,-,N,"ClinGen:CA239800,UniProtKB:O43379#VAR_063703,OMIM:613583.0002",3,41,36084678,G,A
15081,single nucleotide variant,NM_001083961.2(WDR62):c.671G>C (p.Trp224Ser),284403,WDR62,HGNC:24502,Pathogenic,1,"Sep 09, 2010",267607176,-,RCV000000059,"MONDO:MONDO:0011435,MedGen:C1858535,OMIM:604317,Orphanet:2512","Microcephaly 2, primary, autosomal recessive, with or without cortical malformations",germline,germline,GRCh37,NC_000019.9,19,36558317,36558317,na,na,19q13.12,no assertion criteria provided,1,-,N,"ClinGen:CA251361,UniProtKB:O43379#VAR_063702,OMIM:613583.0003",1,42,36558317,G,C
15081,single nucleotide variant,NM_001083961.2(WDR62):c.671G>C (p.Trp224Ser),284403,WDR62,HGNC:24502,Pathogenic,1,"Sep 09, 2010",267607176,-,RCV000000059,"MONDO:MONDO:0011435,MedGen:C1858535,OMIM:604317,Orphanet:2512","Microcephaly 2, primary, autosomal recessive, with or without cortical malformations",germline,germline,GRCh38,NC_000019.10,19,36067415,36067415,na,na,19q13.12,no assertion criteria provided,1,-,N,"ClinGen:CA251361,UniProtKB:O43379#VAR_063702,OMIM:613583.0003",1,42,36067415,G,C
15082,single nucleotide variant,NM_001083961.2(WDR62):c.1408C>T (p.Gln470Ter),284403,WDR62,HGNC:24502,Pathogenic,1,"Sep 09, 2010",267607177,-,RCV000000060,"MONDO:MONDO:0011435,MedGen:C1858535,OMIM:604317,Orphanet:2512","Microcephaly 2, primary, autosomal recessive, with or without cortical malformations",germline,germline,GRCh37,NC_000019.9,19,36574001,36574001,na,na,19q13.12,no assertion criteria provided,1,-,N,"ClinGen:CA251363,OMIM:613583.0004",1,43,36574001,C,T
15082,single nucleotide variant,NM_001083961.2(WDR62):c.1408C>T (p.Gln470Ter),284403,WDR62,HGNC:24502,Pathogenic,1,"Sep 09, 2010",267607177,-,RCV000000060,"MONDO:MONDO:0011435,MedGen:C1858535,OMIM:604317,Orphanet:2512","Microcephaly 2, primary, autosomal recessive, with or without cortical malformations",germline,germline,GRCh38,NC_000019.10,19,36083099,36083099,na,na,19q13.12,no assertion criteria provided,1,-,N,"ClinGen:CA251363,OMIM:613583.0004",1,43,36083099,C,T
15083,Deletion,NM_001083961.2(WDR62):c.3839_3855del (p.Gly1280fs),284403,WDR62,HGNC:24502,Pathogenic,1,"Sep 09, 2010",397704725,-,RCV000000061,"MONDO:MONDO:0011435,MedGen:C1858535,OMIM:604317,Orphanet:2512","Microcephaly 2, primary, autosomal recessive, with or without cortical malformations",germline,germline,GRCh37,NC_000019.9,19,36594568,36594584,na,na,19q13.12,no assertion criteria provided,1,-,N,"ClinGen:CA251365,OMIM:613583.0005",1,44,36594567,GGGCCAAGAGCCTGCCCT,G
15083,Deletion,NM_001083961.2(WDR62):c.3839_3855del (p.Gly1280fs),284403,WDR62,HGNC:24502,Pathogenic,1,"Sep 09, 2010",397704725,-,RCV000000061,"MONDO:MONDO:0011435,MedGen:C1858535,OMIM:604317,Orphanet:2512","Microcephaly 2, primary, autosomal recessive, with or without cortical malformations",germline,germline,GRCh38,NC_000019.10,19,36103666,36103682,na,na,19q13.12,no assertion criteria provided,1,-,N,"ClinGen:CA251365,OMIM:613583.0005",1,44,36103665,GGGCCAAGAGCCTGCCCT,G
15084,single nucleotide variant,NM_015910.7(WDPCP):c.76-1G>T,51057,WDPCP,HGNC:28027,Pathogenic,1,"Sep 10, 2010",397704728,-,RCV000000062,"MONDO:MONDO:0014443,MedGen:C3150127,OMIM:615992,Orphanet:110",Bardet-Biedl syndrome 15,germline,germline,GRCh37,NC_000002.11,2,63720075,63720075,na,na,2p15,no assertion criteria provided,1,-,N,"ClinGen:CA251366,OMIM:613580.0001",1,45,63720075,C,A
15084,single nucleotide variant,NM_015910.7(WDPCP):c.76-1G>T,51057,WDPCP,HGNC:28027,Pathogenic,1,"Sep 10, 2010",397704728,-,RCV000000062,"MONDO:MONDO:0014443,MedGen:C3150127,OMIM:615992,Orphanet:110",Bardet-Biedl syndrome 15,germline,germline,GRCh38,NC_000002.12,2,63492941,63492941,na,na,2p15,no assertion criteria provided,1,-,N,"ClinGen:CA251366,OMIM:613580.0001",1,45,63492941,C,A
15085,single nucleotide variant,NM_015910.7(WDPCP):c.624G>C (p.Leu208Phe),51057,WDPCP,HGNC:28027,risk factor,0,"Sep 10, 2010",267606692,-,RCV000000063,-,"Bardet-Biedl syndrome 12, modifier of",germline,germline,GRCh37,NC_000002.11,2,63664564,63664564,na,na,2p15,no assertion criteria provided,1,-,N,"ClinGen:CA113819,OMIM:613580.0002",1,46,63664564,C,G
15085,single nucleotide variant,NM_015910.7(WDPCP):c.624G>C (p.Leu208Phe),51057,WDPCP,HGNC:28027,risk factor,0,"Sep 10, 2010",267606692,-,RCV000000063,-,"Bardet-Biedl syndrome 12, modifier of",germline,germline,GRCh38,NC_000002.12,2,63437430,63437430,na,na,2p15,no assertion criteria provided,1,-,N,"ClinGen:CA113819,OMIM:613580.0002",1,46,63437430,C,G
15086,single nucleotide variant,NM_015910.7(WDPCP):c.164G>A (p.Arg55Lys),51057,WDPCP,HGNC:28027,risk factor,0,"Sep 10, 2010",267606693,-,RCV000000064,-,"Meckel syndrome, type 6, modifier of",germline,germline,GRCh37,NC_000002.11,2,63714625,63714625,na,na,2p15,no assertion criteria provided,1,-,N,"ClinGen:CA113821,UniProtKB:O95876#VAR_064770,OMIM:613580.0003",1,47,63714625,C,T
15086,single nucleotide variant,NM_015910.7(WDPCP):c.164G>A (p.Arg55Lys),51057,WDPCP,HGNC:28027,risk factor,0,"Sep 10, 2010",267606693,-,RCV000000064,-,"Meckel syndrome, type 6, modifier of",germline,germline,GRCh38,NC_000002.12,2,63487491,63487491,na,na,2p15,no assertion criteria provided,1,-,N,"ClinGen:CA113821,UniProtKB:O95876#VAR_064770,OMIM:613580.0003",1,47,63487491,C,T
15087,single nucleotide variant,NM_001199107.2(TBC1D24):c.439G>C (p.Asp147His),57465,TBC1D24,HGNC:29203,Pathogenic,1,"Sep 01, 2021",267607103,-,RCV000000065|RCV001851500,"MONDO:MONDO:0011506,MedGen:C0917800,OMIM:605021,Orphanet:352582|MONDO:MONDO:0014470,MedGen:C3892048,OMIM:616044,Orphanet:90635;MedGen:CN236805;MONDO:MONDO:0010632,MedGen:C3463992,OMIM:308350","Familial infantile myoclonic epilepsy|Autosomal dominant nonsyndromic hearing loss 65;Caused by mutation in the TBC1 domain family, member 24;Developmental and epileptic encephalopathy, 1",germline,germline,GRCh37,NC_000016.9,16,2546588,2546588,na,na,16p13.3,"criteria provided, single submitter",3,-,N,"UniProtKB:Q9ULP9#VAR_064365,OMIM:613577.0001,ClinGen:CA339785",3,48,2546588,G,C
15087,single nucleotide variant,NM_001199107.2(TBC1D24):c.439G>C (p.Asp147His),57465,TBC1D24,HGNC:29203,Pathogenic,1,"Sep 01, 2021",267607103,-,RCV000000065|RCV001851500,"MONDO:MONDO:0011506,MedGen:C0917800,OMIM:605021,Orphanet:352582|MONDO:MONDO:0014470,MedGen:C3892048,OMIM:616044,Orphanet:90635;MedGen:CN236805;MONDO:MONDO:0010632,MedGen:C3463992,OMIM:308350","Familial infantile myoclonic epilepsy|Autosomal dominant nonsyndromic hearing loss 65;Caused by mutation in the TBC1 domain family, member 24;Developmental and epileptic encephalopathy, 1",germline,germline,GRCh38,NC_000016.10,16,2496587,2496587,na,na,16p13.3,"criteria provided, single submitter",3,-,N,"UniProtKB:Q9ULP9#VAR_064365,OMIM:613577.0001,ClinGen:CA339785",3,48,2496587,G,C
15088,single nucleotide variant,NM_001199107.2(TBC1D24):c.1544C>T (p.Ala515Val),57465,TBC1D24,HGNC:29203,Conflicting interpretations of pathogenicity,1,"Jul 12, 2022",267607105,-,RCV000000066|RCV000540418|RCV000730513|RCV002247226|RCV002399304,"MONDO:MONDO:0011506,MedGen:C0917800,OMIM:605021,Orphanet:352582|MONDO:MONDO:0014470,MedGen:C3892048,OMIM:616044,Orphanet:90635;MedGen:CN236805;MONDO:MONDO:0010632,MedGen:C3463992,OMIM:308350|MedGen:CN517202|MONDO:MONDO:0009079,MedGen:C0795934,OMIM:220500,Orphanet:3231,Orphanet:79500|MeSH:D030342,MedGen:C0950123","Familial infantile myoclonic epilepsy|Autosomal dominant nonsyndromic hearing loss 65;Caused by mutation in the TBC1 domain family, member 24;Developmental and epileptic encephalopathy, 1|not provided|DOORS syndrome|Inborn genetic diseases",germline,germline,GRCh37,NC_000016.9,16,2550823,2550823,na,na,16p13.3,"criteria provided, conflicting interpretations",8,-,N,"ClinGen:CA339786,UniProtKB:Q9ULP9#VAR_064367,OMIM:613577.0002",3,49,2550823,C,T
15088,single nucleotide variant,NM_001199107.2(TBC1D24):c.1544C>T (p.Ala515Val),57465,TBC1D24,HGNC:29203,Conflicting interpretations of pathogenicity,1,"Jul 12, 2022",267607105,-,RCV000000066|RCV000540418|RCV000730513|RCV002247226|RCV002399304,"MONDO:MONDO:0011506,MedGen:C0917800,OMIM:605021,Orphanet:352582|MONDO:MONDO:0014470,MedGen:C3892048,OMIM:616044,Orphanet:90635;MedGen:CN236805;MONDO:MONDO:0010632,MedGen:C3463992,OMIM:308350|MedGen:CN517202|MONDO:MONDO:0009079,MedGen:C0795934,OMIM:220500,Orphanet:3231,Orphanet:79500|MeSH:D030342,MedGen:C0950123","Familial infantile myoclonic epilepsy|Autosomal dominant nonsyndromic hearing loss 65;Caused by mutation in the TBC1 domain family, member 24;Developmental and epileptic encephalopathy, 1|not provided|DOORS syndrome|Inborn genetic diseases",germline,germline,GRCh38,NC_000016.10,16,2500822,2500822,na,na,16p13.3,"criteria provided, conflicting interpretations",8,-,N,"ClinGen:CA339786,UniProtKB:Q9ULP9#VAR_064367,OMIM:613577.0002",3,49,2500822,C,T
15089,single nucleotide variant,NM_001199107.2(TBC1D24):c.751T>C (p.Phe251Leu),57465,TBC1D24,HGNC:29203,Pathogenic,1,"Dec 22, 2014",267607104,-,RCV000000067,"MONDO:MONDO:0011506,MedGen:C0917800,OMIM:605021,Orphanet:352582",Familial infantile myoclonic epilepsy,germline,germline,GRCh37,NC_000016.9,16,2546900,2546900,na,na,16p13.3,no assertion criteria provided,2,-,N,"ClinGen:CA339788,UniProtKB:Q9ULP9#VAR_064366,OMIM:613577.0003",3,50,2546900,T,C
15089,single nucleotide variant,NM_001199107.2(TBC1D24):c.751T>C (p.Phe251Leu),57465,TBC1D24,HGNC:29203,Pathogenic,1,"Dec 22, 2014",267607104,-,RCV000000067,"MONDO:MONDO:0011506,MedGen:C0917800,OMIM:605021,Orphanet:352582",Familial infantile myoclonic epilepsy,germline,germline,GRCh38,NC_000016.10,16,2496899,2496899,na,na,16p13.3,no assertion criteria provided,2,-,N,"ClinGen:CA339788,UniProtKB:Q9ULP9#VAR_064366,OMIM:613577.0003",3,50,2496899,T,C
15090,single nucleotide variant,NM_022098.4(XPNPEP3):c.1357G>T (p.Gly453Cys),63929,XPNPEP3,HGNC:28052,Pathogenic,1,"Mar 01, 2010",267607179,-,RCV000000068,"MONDO:MONDO:0013163,MedGen:C3150419,OMIM:613159,Orphanet:655",Nephronophthisis-like nephropathy 1,germline,germline,GRCh37,NC_000022.10,22,41320486,41320486,na,na,22q13.2,no assertion criteria provided,1,-,N,"ClinGen:CA113823,OMIM:613553.0001",1,51,41320486,G,T
15090,single nucleotide variant,NM_022098.4(XPNPEP3):c.1357G>T (p.Gly453Cys),63929,XPNPEP3,HGNC:28052,Pathogenic,1,"Mar 01, 2010",267607179,-,RCV000000068,"MONDO:MONDO:0013163,MedGen:C3150419,OMIM:613159,Orphanet:655",Nephronophthisis-like nephropathy 1,germline,germline,GRCh38,NC_000022.11,22,40924482,40924482,na,na,22q13.2,no assertion criteria provided,1,-,N,"ClinGen:CA113823,OMIM:613553.0001",1,51,40924482,G,T
15091,Deletion,NM_022098.4(XPNPEP3):c.931_934del (p.Asn311fs),63929,XPNPEP3,HGNC:28052,Pathogenic,1,"Mar 01, 2010",-1,-,RCV000000069,"MONDO:MONDO:0013163,MedGen:C3150419,OMIM:613159,Orphanet:655",Nephronophthisis-like nephropathy 1,germline,germline,GRCh37,NC_000022.10,22,41305199,41305202,na,na,22q13.2,no assertion criteria provided,1,-,N,OMIM:613553.0002,1,52,41305198,TCAAA,T
15091,Deletion,NM_022098.4(XPNPEP3):c.931_934del (p.Asn311fs),63929,XPNPEP3,HGNC:28052,Pathogenic,1,"Mar 01, 2010",-1,-,RCV000000069,"MONDO:MONDO:0013163,MedGen:C3150419,OMIM:613159,Orphanet:655",Nephronophthisis-like nephropathy 1,germline,germline,GRCh38,NC_000022.11,22,40909195,40909198,na,na,22q13.2,no assertion criteria provided,1,-,N,OMIM:613553.0002,1,52,40909194,TCAAA,T
